[
    {
        "commit": {
            "author_email": "admin@example.com",
            "author_name": "Administrator",
            "created_at": "2015-12-24T16:51:14.000+01:00",
            "id": "0ff3ae198f8601a285adcf5c0fff204ee6fba5fd",
            "message": "Test the CI integration.",
            "short_id": "0ff3ae19",
            "title": "Test the CI integration."
        },
        "coverage": null,
        "created_at": "2015-12-24T15:51:21.802Z",
        "download_url": null,
        "artifacts_file": {
          "filename": "artifacts.zip",
          "size": 1000
        },
        "finished_at": "2015-12-24T17:54:27.895Z",
        "id": 7,
        "name": "teaspoon",
        "ref": "master",
        "runner": null,
        "stage": "test",
        "started_at": "2015-12-24T17:54:27.722Z",
        "status": "failed",
        "tag": false,
        "user": {
            "avatar_url": "http://www.gravatar.com/avatar/e64c7d89f26bd1972efa854d13d7dd61?s=80&d=identicon",
            "bio": null,
            "created_at": "2015-12-21T13:14:24.077Z",
            "id": 1,
            "is_admin": true,
            "linkedin": "",
            "name": "Administrator",
            "skype": "",
            "state": "active",
            "twitter": "",
            "username": "root",
            "web_url": "http://gitlab.dev/u/root",
            "website_url": ""
        }
    },
    {
        "commit": {
            "author_email": "admin@example.com",
            "author_name": "Administrator",
            "created_at": "2015-12-24T16:51:14.000+01:00",
            "id": "0ff3ae198f8601a285adcf5c0fff204ee6fba5fd",
            "message": "Test the CI integration.",
            "short_id": "0ff3ae19",
            "title": "Test the CI integration."
        },
        "coverage": null,
        "created_at": "2015-12-24T15:51:21.727Z",
        "download_url": null,
        "artifacts_file": null,
        "finished_at": "2015-12-24T17:54:24.921Z",
        "id": 6,
        "name": "spinach:other",
        "ref": "master",
        "runner": null,
        "stage": "test",
        "started_at": "2015-12-24T17:54:24.729Z",
        "status": "failed",
        "tag": false,
        "user": {
            "avatar_url": "http://www.gravatar.com/avatar/e64c7d89f26bd1972efa854d13d7dd61?s=80&d=identicon",
            "bio": null,
            "created_at": "2015-12-21T13:14:24.077Z",
            "id": 1,
            "is_admin": true,
            "linkedin": "",
            "name": "Administrator",
            "skype": "",
            "state": "active",
            "twitter": "",
            "username": "root",
            "web_url": "http://gitlab.dev/u/root",
            "website_url": ""
        }
    }
]